formula_file,execution_time_in,timeout
/home/samplingfm/Benchmarks/FeatureModels/XSEngine.cnf,677,True
/home/samplingfm/Benchmarks/FeatureModels/viper.cnf,677,True
/home/samplingfm/Benchmarks/FeatureModels/phycore.cnf,677,True
/home/samplingfm/Benchmarks/FeatureModels/cq7708.cnf,677,True
/home/samplingfm/Benchmarks/FeatureModels/psim.cnf,677,True
/home/samplingfm/Benchmarks/FeatureModels/aeb.cnf,677,True
/home/samplingfm/Benchmarks/FeatureModels/sh7708.cnf,677,True
/home/samplingfm/Benchmarks/FeatureModels/vrc4375.cnf,677,True
/home/samplingfm/Benchmarks/FeatureModels/malta_mips32_4kc.cnf,677,True
/home/samplingfm/Benchmarks/FeatureModels/rattler.cnf,677,True
/home/samplingfm/Benchmarks/FeatureModels/asb2305.cnf,677,True
/home/samplingfm/Benchmarks/FeatureModels/pc_usb_d12.cnf,677,True
/home/samplingfm/Benchmarks/FeatureModels/vads.cnf,677,True
/home/samplingfm/Benchmarks/FeatureModels/calm32_ceb.cnf,677,True
/home/samplingfm/Benchmarks/FeatureModels/se77x9.cnf,677,True
/home/samplingfm/Benchmarks/FeatureModels/se7751.cnf,677,True
/home/samplingfm/Benchmarks/FeatureModels/mb93093.cnf,677,True
/home/samplingfm/Benchmarks/FeatureModels/sparc_erc32.cnf,677,True
/home/samplingfm/Benchmarks/FeatureModels/lpcmt.cnf,677,True
/home/samplingfm/Benchmarks/FeatureModels/vrc4373.cnf,677,True
/home/samplingfm/Benchmarks/FeatureModels/integrator_arm7.cnf,677,True
/home/samplingfm/Benchmarks/FeatureModels/eb55.cnf,677,True
/home/samplingfm/Benchmarks/FeatureModels/ec555.cnf,677,True
/home/samplingfm/Benchmarks/FeatureModels/sh4_202_md.cnf,677,True
/home/samplingfm/Benchmarks/FeatureModels/mb93091.cnf,677,True
/home/samplingfm/Benchmarks/FeatureModels/atlas_mips64_5kc.cnf,677,True
/home/samplingfm/Benchmarks/FeatureModels/eb42.cnf,677,True
/home/samplingfm/Benchmarks/FeatureModels/ea2468.cnf,677,True
/home/samplingfm/Benchmarks/FeatureModels/cma230.cnf,677,True
/home/samplingfm/Benchmarks/FeatureModels/sparc_leon.cnf,677,True
/home/samplingfm/Benchmarks/FeatureModels/olpch2294.cnf,677,True
/home/samplingfm/Benchmarks/FeatureModels/dreamcast.cnf,677,True
/home/samplingfm/Benchmarks/FeatureModels/excalibur_arm9.cnf,677,True
/home/samplingfm/Benchmarks/FeatureModels/frv400.cnf,677,True
/home/samplingfm/Benchmarks/FeatureModels/ipaq.cnf,677,True
/home/samplingfm/Benchmarks/FeatureModels/nano.cnf,677,True
/home/samplingfm/Benchmarks/FeatureModels/stm3210e_eval.cnf,677,True
/home/samplingfm/Benchmarks/FeatureModels/aki3068net.cnf,677,True
/home/samplingfm/Benchmarks/FeatureModels/integrator_arm9.cnf,677,True
/home/samplingfm/Benchmarks/FeatureModels/mac7100evb.cnf,677,True
/home/samplingfm/Benchmarks/FeatureModels/p2106.cnf,677,True
/home/samplingfm/Benchmarks/FeatureModels/prpmc1100.cnf,677,True
/home/samplingfm/Benchmarks/FeatureModels/sparclite_sim.cnf,677,True
/home/samplingfm/Benchmarks/FeatureModels/edb7xxx.cnf,677,True
/home/samplingfm/Benchmarks/FeatureModels/eb40.cnf,677,True
/home/samplingfm/Benchmarks/FeatureModels/stb.cnf,677,True
/home/samplingfm/Benchmarks/FeatureModels/h8300h_sim.cnf,677,True
/home/samplingfm/Benchmarks/FeatureModels/skmb91302.cnf,677,True
/home/samplingfm/Benchmarks/FeatureModels/ixdp425.cnf,677,True
/home/samplingfm/Benchmarks/FeatureModels/grg.cnf,677,True
/home/samplingfm/Benchmarks/FeatureModels/h8s_sim.cnf,677,True
/home/samplingfm/Benchmarks/FeatureModels/eb40a.cnf,677,True
/home/samplingfm/Benchmarks/FeatureModels/sleb.cnf,677,True
/home/samplingfm/Benchmarks/FeatureModels/jmr3904.cnf,677,True
/home/samplingfm/Benchmarks/FeatureModels/jtst.cnf,677,True
/home/samplingfm/Benchmarks/FeatureModels/pc_i82559.cnf,677,True
/home/samplingfm/Benchmarks/FeatureModels/cq7750.cnf,677,True
/home/samplingfm/Benchmarks/FeatureModels/mace1.cnf,677,True
/home/samplingfm/Benchmarks/FeatureModels/ref4955.cnf,677,True
/home/samplingfm/Benchmarks/FeatureModels/m5272c3.cnf,677,True
/home/samplingfm/Benchmarks/FeatureModels/gps4020.cnf,677,True
/home/samplingfm/Benchmarks/FeatureModels/mbx.cnf,677,True
/home/samplingfm/Benchmarks/FeatureModels/atlas_mips32_4kc.cnf,677,True
/home/samplingfm/Benchmarks/FeatureModels/ts1000.cnf,677,True
/home/samplingfm/Benchmarks/FeatureModels/at91sam7sek.cnf,677,True
/home/samplingfm/Benchmarks/FeatureModels/sam7ex256.cnf,677,True
/home/samplingfm/Benchmarks/FeatureModels/phycore229x.cnf,677,True
/home/samplingfm/Benchmarks/FeatureModels/flexanet.cnf,677,True
/home/samplingfm/Benchmarks/FeatureModels/mcb2100.cnf,677,True
/home/samplingfm/Benchmarks/FeatureModels/innovator.cnf,677,True
/home/samplingfm/Benchmarks/FeatureModels/ocelot.cnf,677,True
/home/samplingfm/Benchmarks/FeatureModels/malta_mips64_5kc.cnf,677,True
/home/samplingfm/Benchmarks/FeatureModels/ts6.cnf,677,True
/home/samplingfm/Benchmarks/FeatureModels/cma28x.cnf,677,True
/home/samplingfm/Benchmarks/FeatureModels/aim711.cnf,677,True
/home/samplingfm/Benchmarks/FeatureModels/ebsa285.cnf,677,True
/home/samplingfm/Benchmarks/FeatureModels/aaed2000.cnf,677,True
/home/samplingfm/Benchmarks/FeatureModels/picasso.cnf,677,True
/home/samplingfm/Benchmarks/FeatureModels/olpcl2294.cnf,677,True
/home/samplingfm/Benchmarks/FeatureModels/pati.cnf,677,True
/home/samplingfm/Benchmarks/FeatureModels/pc_i82544.cnf,677,True
/home/samplingfm/Benchmarks/FeatureModels/e7t.cnf,677,True
/home/samplingfm/Benchmarks/FeatureModels/olpce2294.cnf,677,True
/home/samplingfm/Benchmarks/FeatureModels/am31_sim.cnf,677,True
/home/samplingfm/Benchmarks/FeatureModels/stdeval1.cnf,677,True
/home/samplingfm/Benchmarks/FeatureModels/pc_rltk8139.cnf,677,True
/home/samplingfm/Benchmarks/FeatureModels/adder.cnf,677,True
/home/samplingfm/Benchmarks/FeatureModels/cme555.cnf,677,True
/home/samplingfm/Benchmarks/FeatureModels/refidt334.cnf,677,True
/home/samplingfm/Benchmarks/FeatureModels/calm16_ceb.cnf,677,True
/home/samplingfm/Benchmarks/FeatureModels/pid.cnf,677,True
/home/samplingfm/Benchmarks/FeatureModels/asb.cnf,677,True
/home/samplingfm/Benchmarks/FeatureModels/iq80310.cnf,677,True
/home/samplingfm/Benchmarks/FeatureModels/fads.cnf,677,True
/home/samplingfm/Benchmarks/FeatureModels/adderII.cnf,677,True
/home/samplingfm/Benchmarks/FeatureModels/cerf.cnf,677,True
/home/samplingfm/Benchmarks/FeatureModels/assabet.cnf,677,True
/home/samplingfm/Benchmarks/FeatureModels/iq80321.cnf,677,True
/home/samplingfm/Benchmarks/FeatureModels/tx39_sim.cnf,677,True
/home/samplingfm/Benchmarks/FeatureModels/sa1100mm.cnf,677,True
/home/samplingfm/Benchmarks/FeatureModels/npwr.cnf,677,True
/home/samplingfm/Benchmarks/FeatureModels/brutus.cnf,677,True
/home/samplingfm/Benchmarks/FeatureModels/cerfpda.cnf,677,True
/home/samplingfm/Benchmarks/FeatureModels/ceb_v850.cnf,677,True
/home/samplingfm/Benchmarks/FeatureModels/mpc50.cnf,677,True
/home/samplingfm/Benchmarks/FeatureModels/at91sam7xek.cnf,677,True
/home/samplingfm/Benchmarks/FeatureModels/edosk2674.cnf,677,True
/home/samplingfm/Benchmarks/FeatureModels/pc_vmWare.cnf,677,True
/home/samplingfm/Benchmarks/FeatureModels/csb281.cnf,677,True
/home/samplingfm/Benchmarks/FeatureModels/uE250.cnf,677,True
/home/samplingfm/Benchmarks/FeatureModels/moab.cnf,677,True
/home/samplingfm/Benchmarks/FeatureModels/h8max.cnf,677,True
/home/samplingfm/Benchmarks/FeatureModels/smdk2410.cnf,677,True
/home/samplingfm/Benchmarks/FeatureModels/snds.cnf,677,True
/home/samplingfm/Benchmarks/FeatureModels/linux.cnf,677,True
/home/samplingfm/Benchmarks/FeatureModels/hs7729pci.cnf,677,True
/home/samplingfm/Benchmarks/FMEasy/coreboot.cnf,677,True
/home/samplingfm/Benchmarks/FMEasy/2.6.32-2var.cnf,677,True
/home/samplingfm/Benchmarks/FMEasy/freebsd-icse11.cnf,677,True
/home/samplingfm/Benchmarks/FMEasy/2.6.33.3-2var.cnf,677,True
/home/samplingfm/Benchmarks/FMEasy/embtoolkit.cnf,677,True
/home/samplingfm/Benchmarks/FMEasy/freetz.cnf,677,True
/home/samplingfm/Benchmarks/FMEasy/buildroot.cnf,677,True
/home/samplingfm/Benchmarks/FMEasy/2.6.28.6-icse11.cnf,677,True
/home/samplingfm/Benchmarks/FMEasy/busybox-1.18.0.cnf,677,True
/home/samplingfm/Benchmarks/FMEasy/ecos-icse11.cnf,677,True
/home/samplingfm/Benchmarks/FMEasy/uClinux-config.cnf,677,True
