formula_file,execution_time_in,timeout,exception_dbs
/home/samplingfm/Benchmarks/FMEasy/coreboot.cnf,180.0,True,False
/home/samplingfm/Benchmarks/FMEasy/2.6.32-2var.cnf,180.0,True,False
/home/samplingfm/Benchmarks/FMEasy/freebsd-icse11.cnf,23.233280897140503,True,True
/home/samplingfm/Benchmarks/FMEasy/2.6.33.3-2var.cnf,180.0,True,False
/home/samplingfm/Benchmarks/FMEasy/embtoolkit.cnf,180.0,True,False
/home/samplingfm/Benchmarks/FMEasy/freetz.cnf,180.0,True,False
/home/samplingfm/Benchmarks/FMEasy/fiasco.cnf,29.75994372367859,True,True
/home/samplingfm/Benchmarks/FMEasy/buildroot.cnf,180.0,True,False
/home/samplingfm/Benchmarks/FMEasy/2.6.28.6-icse11.cnf,180.0,True,False
/home/samplingfm/Benchmarks/FMEasy/uClinux.cnf,41.37260341644287,True,True
/home/samplingfm/Benchmarks/FMEasy/busybox-1.18.0.cnf,180.0,True,False
/home/samplingfm/Benchmarks/FMEasy/axTLS.cnf,3.952569007873535,True,True
/home/samplingfm/Benchmarks/FMEasy/ecos-icse11.cnf,14.627562046051025,True,True
/home/samplingfm/Benchmarks/FMEasy/uClinux-config.cnf,180.0,True,False
/home/samplingfm/Benchmarks/FMEasy/toybox2.cnf,180.0,True,False
/home/samplingfm/Benchmarks/FMEasy/toybox.cnf,180.0,True,False
